investor_id,total_sip_count,avg_gap_days,max_gap_days,total_invested,avg_sip_amount,status
INV000004,5,85.4,265.0,47296,9459.2,at-risk
INV000008,5,70.4,165.0,64792,12958.4,at-risk
INV000010,5,64.8,139.0,29328,5865.6,at-risk
INV000011,6,40.17,125.0,91690,15281.67,at-risk
INV000012,7,57.0,132.0,34586,4940.86,at-risk
INV000013,6,55.33,104.0,71437,11906.17,at-risk
INV000014,6,75.33,128.0,134958,22493.0,at-risk
INV000023,7,58.57,115.0,185160,26451.43,at-risk
INV000028,5,93.6,238.0,81915,16383.0,at-risk
INV000029,6,60.67,96.0,87793,14632.17,at-risk
INV000030,8,47.62,100.0,66079,8259.88,at-risk
INV000033,7,45.57,87.0,45506,6500.86,at-risk
INV000039,5,68.6,129.0,96885,19377.0,at-risk
INV000045,5,70.6,109.0,113542,22708.4,at-risk
INV000048,8,46.0,168.0,33211,4151.38,at-risk
INV000052,5,36.2,120.0,20043,4008.6,at-risk
INV000056,5,74.8,161.0,53438,10687.6,at-risk
INV000057,7,49.71,149.0,67967,9709.57,at-risk
INV000069,9,49.11,129.0,141381,15709.0,at-risk
INV000072,5,83.0,247.0,48502,9700.4,at-risk
INV000073,8,48.25,112.0,65939,8242.38,at-risk
INV000074,7,72.57,191.0,104664,14952.0,at-risk
INV000075,5,74.8,102.0,139554,27910.8,at-risk
INV000076,5,91.8,203.0,48295,9659.0,at-risk
INV000079,5,65.8,90.0,35572,7114.4,at-risk
INV000081,6,81.33,167.0,52862,8810.33,at-risk
INV000082,6,83.67,351.0,25422,4237.0,at-risk
INV000086,9,44.67,167.0,75221,8357.89,at-risk
INV000087,5,92.8,202.0,101123,20224.6,at-risk
INV000091,7,44.0,105.0,52766,7538.0,at-risk
INV000093,6,55.5,91.0,115356,19226.0,at-risk
INV000094,5,44.8,95.0,49373,9874.6,at-risk
INV000095,5,69.4,155.0,84371,16874.2,at-risk
INV000097,6,54.5,183.0,140682,23447.0,at-risk
INV000101,7,65.0,197.0,72785,10397.86,at-risk
INV000102,7,65.29,109.0,111149,15878.43,at-risk
INV000103,5,83.4,232.0,18587,3717.4,at-risk
INV000105,7,57.0,87.0,81658,11665.43,at-risk
INV000109,8,46.25,63.0,65056,8132.0,at-risk
INV000113,7,46.0,144.0,78940,11277.14,at-risk
INV000123,6,59.67,142.0,60689,10114.83,at-risk
INV000128,5,82.0,181.0,17796,3559.2,at-risk
INV000131,6,56.0,123.0,88498,14749.67,at-risk
INV000132,5,71.0,139.0,77559,15511.8,at-risk
INV000133,5,88.2,265.0,60604,12120.8,at-risk
INV000138,5,76.2,220.0,107163,21432.6,at-risk
INV000145,5,89.4,282.0,82144,16428.8,at-risk
INV000146,5,66.8,171.0,84158,16831.6,at-risk
INV000148,8,52.0,168.0,82578,10322.25,at-risk
INV000155,6,37.33,99.0,54654,9109.0,at-risk
INV000161,6,73.0,213.0,35569,5928.17,at-risk
INV000163,7,61.0,80.0,31319,4474.14,at-risk
INV000164,5,61.8,208.0,22875,4575.0,at-risk
INV000169,6,67.83,145.0,37006,6167.67,at-risk
INV000173,6,57.67,165.0,77796,12966.0,at-risk
INV000175,6,83.67,170.0,70436,11739.33,at-risk
INV000177,7,65.43,278.0,43131,6161.57,at-risk
INV000180,5,61.8,229.0,12922,2584.4,at-risk
INV000183,8,56.12,216.0,81644,10205.5,at-risk
INV000191,6,56.5,161.0,66436,11072.67,at-risk
INV000194,6,58.0,109.0,38465,6410.83,at-risk
INV000195,5,77.4,114.0,21214,4242.8,at-risk
INV000196,6,69.0,176.0,78311,13051.83,at-risk
INV000201,8,51.12,100.0,94708,11838.5,at-risk
INV000205,7,62.57,193.0,70085,10012.14,at-risk
INV000210,7,70.71,163.0,77172,11024.57,at-risk
INV000214,5,94.8,306.0,65011,13002.2,at-risk
INV000217,5,92.0,183.0,20367,4073.4,at-risk
INV000228,8,59.75,188.0,229977,28747.12,at-risk
INV000236,7,67.14,112.0,67780,9682.86,at-risk
INV000238,5,93.6,287.0,135014,27002.8,at-risk
INV000239,7,48.86,105.0,158955,22707.86,at-risk
INV000243,5,88.2,137.0,51898,10379.6,at-risk
INV000245,5,92.2,164.0,45179,9035.8,at-risk
INV000249,6,45.5,162.0,137241,22873.5,at-risk
INV000252,5,50.4,96.0,85703,17140.6,at-risk
INV000255,5,48.6,103.0,33002,6600.4,at-risk
INV000256,5,70.2,155.0,29913,5982.6,at-risk
INV000259,5,70.6,165.0,81410,16282.0,at-risk
INV000260,7,59.57,206.0,137051,19578.71,at-risk
INV000262,7,53.57,122.0,41710,5958.57,at-risk
INV000263,7,68.43,271.0,152355,21765.0,at-risk
INV000265,9,53.44,140.0,201728,22414.22,at-risk
INV000268,6,62.33,143.0,65552,10925.33,at-risk
INV000279,8,43.38,133.0,59994,7499.25,at-risk
INV000280,8,55.75,191.0,142248,17781.0,at-risk
INV000283,5,68.0,195.0,16106,3221.2,at-risk
INV000287,6,69.83,301.0,55441,9240.17,at-risk
INV000289,7,62.71,142.0,78513,11216.14,at-risk
INV000291,5,89.0,196.0,73177,14635.4,at-risk
INV000292,6,46.0,95.0,115387,19231.17,at-risk
INV000293,6,47.0,91.0,53424,8904.0,at-risk
INV000297,5,90.6,163.0,13421,2684.2,at-risk
INV000299,5,85.2,240.0,39231,7846.2,at-risk
INV000304,6,70.0,204.0,69278,11546.33,at-risk
INV000309,7,52.0,157.0,60844,8692.0,at-risk
INV000310,6,75.83,164.0,41574,6929.0,at-risk
INV000318,5,97.4,175.0,67598,13519.6,at-risk
INV000319,6,73.5,201.0,39692,6615.33,at-risk
INV000321,6,72.83,204.0,75443,12573.83,at-risk
INV000328,8,37.5,73.0,61256,7657.0,at-risk
INV000331,7,50.71,163.0,102011,14573.0,at-risk
INV000334,6,25.5,60.0,37242,6207.0,regular
INV000335,5,96.0,279.0,67114,13422.8,at-risk
INV000339,5,94.0,195.0,73604,14720.8,at-risk
INV000341,7,54.43,191.0,69454,9922.0,at-risk
INV000356,5,54.4,157.0,72001,14400.2,at-risk
INV000359,8,54.12,197.0,78147,9768.38,at-risk
INV000363,6,77.0,153.0,47813,7968.83,at-risk
INV000369,5,43.8,112.0,21041,4208.2,at-risk
INV000371,7,59.29,147.0,63273,9039.0,at-risk
INV000372,6,54.5,121.0,83004,13834.0,at-risk
INV000380,5,97.0,272.0,67741,13548.2,at-risk
INV000388,8,53.62,119.0,106941,13367.62,at-risk
INV000392,6,77.17,205.0,27752,4625.33,at-risk
INV000395,6,55.67,119.0,20652,3442.0,at-risk
INV000396,5,83.2,153.0,18036,3607.2,at-risk
INV000399,9,49.56,68.0,57034,6337.11,at-risk
INV000400,5,62.6,101.0,17222,3444.4,at-risk
INV000403,5,58.2,90.0,72438,14487.6,at-risk
INV000407,5,82.4,157.0,109166,21833.2,at-risk
INV000408,5,46.8,125.0,46841,9368.2,at-risk
INV000412,7,43.71,70.0,74487,10641.0,at-risk
INV000414,7,66.29,233.0,85174,12167.71,at-risk
INV000415,6,66.17,128.0,39317,6552.83,at-risk
INV000418,5,86.8,238.0,55571,11114.2,at-risk
INV000427,6,68.5,116.0,82139,13689.83,at-risk
INV000428,7,52.14,164.0,45204,6457.71,at-risk
INV000429,5,77.2,187.0,58314,11662.8,at-risk
INV000437,5,97.8,295.0,31839,6367.8,at-risk
INV000440,7,69.57,162.0,29192,4170.29,at-risk
INV000441,5,60.8,151.0,41425,8285.0,at-risk
INV000444,5,73.2,129.0,70826,14165.2,at-risk
INV000445,8,57.75,129.0,45030,5628.75,at-risk
INV000446,5,38.6,101.0,26515,5303.0,at-risk
INV000449,5,46.8,70.0,50103,10020.6,at-risk
INV000452,8,49.38,123.0,82367,10295.88,at-risk
INV000457,5,91.4,256.0,30117,6023.4,at-risk
INV000460,5,43.4,107.0,31904,6380.8,at-risk
INV000463,6,65.17,181.0,143712,23952.0,at-risk
INV000466,6,73.33,135.0,109297,18216.17,at-risk
INV000467,9,56.67,272.0,62785,6976.11,at-risk
INV000469,6,70.5,183.0,32559,5426.5,at-risk
INV000483,7,70.43,252.0,87190,12455.71,at-risk
INV000491,5,95.0,202.0,42536,8507.2,at-risk
INV000493,9,47.56,201.0,129568,14396.44,at-risk
INV000497,6,71.83,191.0,71617,11936.17,at-risk
INV000499,6,77.83,157.0,120559,20093.17,at-risk
INV000507,6,70.17,249.0,52940,8823.33,at-risk
INV000512,8,54.75,112.0,67160,8395.0,at-risk
INV000522,5,100.8,309.0,27177,5435.4,at-risk
INV000524,6,55.0,91.0,75587,12597.83,at-risk
INV000527,5,50.8,116.0,99014,19802.8,at-risk
INV000529,5,59.2,110.0,15820,3164.0,at-risk
INV000531,6,47.0,82.0,149447,24907.83,at-risk
INV000539,6,77.0,153.0,102835,17139.17,at-risk
INV000540,6,73.5,123.0,73792,12298.67,at-risk
INV000543,6,83.67,218.0,146468,24411.33,at-risk
INV000545,5,80.6,181.0,26239,5247.8,at-risk
INV000546,8,55.0,154.0,87160,10895.0,at-risk
INV000547,5,55.8,140.0,36671,7334.2,at-risk
INV000549,5,96.2,146.0,81945,16389.0,at-risk
INV000553,5,72.0,172.0,51755,10351.0,at-risk
INV000554,5,70.2,171.0,29293,5858.6,at-risk
INV000556,7,52.43,156.0,117014,16716.29,at-risk
INV000562,5,74.4,197.0,42466,8493.2,at-risk
INV000563,6,76.33,198.0,58799,9799.83,at-risk
INV000566,6,35.0,119.0,117813,19635.5,regular
INV000567,5,63.8,166.0,29885,5977.0,at-risk
INV000568,5,62.4,180.0,97223,19444.6,at-risk
INV000570,7,67.29,186.0,130853,18693.29,at-risk
INV000573,6,50.83,154.0,64261,10710.17,at-risk
INV000575,5,71.6,155.0,42634,8526.8,at-risk
INV000578,6,66.83,164.0,81050,13508.33,at-risk
INV000581,6,78.33,160.0,56368,9394.67,at-risk
INV000586,6,44.5,111.0,81413,13568.83,at-risk
INV000589,8,59.12,90.0,57439,7179.88,at-risk
INV000591,6,64.5,112.0,13462,2243.67,at-risk
INV000593,5,74.2,179.0,26491,5298.2,at-risk
INV000596,8,51.75,140.0,115374,14421.75,at-risk
INV000597,5,88.6,198.0,53383,10676.6,at-risk
INV000599,6,81.5,171.0,54021,9003.5,at-risk
INV000607,6,66.67,209.0,35362,5893.67,at-risk
INV000608,5,100.2,324.0,31081,6216.2,at-risk
INV000609,5,47.0,87.0,35719,7143.8,at-risk
INV000612,10,49.3,169.0,67268,6726.8,at-risk
INV000615,6,55.83,139.0,25979,4329.83,at-risk
INV000624,6,31.67,53.0,131342,21890.33,regular
INV000625,5,86.4,134.0,12655,2531.0,at-risk
INV000630,6,68.67,161.0,48262,8043.67,at-risk
INV000631,5,54.0,145.0,37316,7463.2,at-risk
INV000634,8,52.25,147.0,91510,11438.75,at-risk
INV000635,5,75.0,240.0,18336,3667.2,at-risk
INV000641,5,54.8,126.0,67074,13414.8,at-risk
INV000642,8,53.5,139.0,107315,13414.38,at-risk
INV000645,5,66.0,127.0,20444,4088.8,at-risk
INV000646,6,62.33,138.0,75750,12625.0,at-risk
INV000651,5,94.0,304.0,21808,4361.6,at-risk
INV000652,5,93.8,262.0,19978,3995.6,at-risk
INV000657,7,64.71,106.0,62059,8865.57,at-risk
INV000662,7,66.14,185.0,33811,4830.14,at-risk
INV000663,5,94.4,247.0,82758,16551.6,at-risk
INV000665,9,36.22,148.0,47441,5271.22,at-risk
INV000667,5,68.0,134.0,116831,23366.2,at-risk
INV000673,5,92.8,235.0,143447,28689.4,at-risk
INV000675,5,62.8,155.0,9727,1945.4,at-risk
INV000676,10,35.3,106.0,172994,17299.4,at-risk
INV000678,6,63.33,140.0,35805,5967.5,at-risk
INV000683,8,54.5,137.0,45316,5664.5,at-risk
INV000690,7,56.29,134.0,165022,23574.57,at-risk
INV000691,5,66.4,163.0,47366,9473.2,at-risk
INV000698,8,52.25,219.0,73438,9179.75,at-risk
INV000699,5,42.8,147.0,33650,6730.0,at-risk
INV000701,6,83.67,298.0,48823,8137.17,at-risk
INV000707,8,34.38,106.0,48062,6007.75,regular
INV000709,6,65.17,128.0,117476,19579.33,at-risk
INV000710,5,88.6,264.0,52938,10587.6,at-risk
INV000714,8,37.0,95.0,44601,5575.12,at-risk
INV000718,6,57.83,118.0,51663,8610.5,at-risk
INV000719,6,72.83,185.0,128859,21476.5,at-risk
INV000724,5,81.2,227.0,32401,6480.2,at-risk
INV000725,6,67.67,92.0,85338,14223.0,at-risk
INV000734,7,64.0,180.0,55382,7911.71,at-risk
INV000737,5,92.6,168.0,93786,18757.2,at-risk
INV000747,5,84.6,205.0,75976,15195.2,at-risk
INV000750,8,26.5,84.0,78308,9788.5,regular
INV000751,8,53.0,193.0,37481,4685.12,at-risk
INV000754,6,72.33,103.0,91240,15206.67,at-risk
INV000759,6,83.0,156.0,43600,7266.67,at-risk
INV000761,6,75.17,173.0,101904,16984.0,at-risk
INV000768,7,60.0,124.0,80586,11512.29,at-risk
INV000772,5,46.0,81.0,81364,16272.8,at-risk
INV000774,6,73.67,169.0,81263,13543.83,at-risk
INV000776,7,59.43,116.0,37347,5335.29,at-risk
INV000777,5,66.0,121.0,20542,4108.4,at-risk
INV000778,7,59.71,182.0,95805,13686.43,at-risk
INV000779,5,75.0,153.0,7580,1516.0,at-risk
INV000783,5,89.8,187.0,137636,27527.2,at-risk
INV000785,5,32.6,66.0,28761,5752.2,regular
INV000786,8,64.12,199.0,58812,7351.5,at-risk
INV000789,7,55.14,225.0,101909,14558.43,at-risk
INV000793,7,69.14,149.0,98370,14052.86,at-risk
INV000803,6,77.17,147.0,70506,11751.0,at-risk
INV000814,5,94.0,195.0,109238,21847.6,at-risk
INV000822,6,55.5,141.0,19958,3326.33,at-risk
INV000823,6,39.67,69.0,47159,7859.83,at-risk
INV000827,7,58.29,122.0,43747,6249.57,at-risk
INV000830,5,72.2,165.0,68847,13769.4,at-risk
INV000833,7,67.29,182.0,86179,12311.29,at-risk
INV000836,5,84.8,123.0,126835,25367.0,at-risk
INV000843,5,55.6,102.0,43926,8785.2,at-risk
INV000844,6,66.17,151.0,46324,7720.67,at-risk
INV000847,5,47.8,75.0,17537,3507.4,at-risk
INV000853,9,49.33,193.0,56966,6329.56,at-risk
INV000854,8,61.25,170.0,146585,18323.12,at-risk
INV000858,8,44.88,157.0,65038,8129.75,at-risk
INV000862,5,91.2,372.0,65967,13193.4,at-risk
INV000864,5,40.8,106.0,70466,14093.2,at-risk
INV000865,8,45.75,99.0,139641,17455.12,at-risk
INV000869,5,65.4,100.0,24014,4802.8,at-risk
INV000873,6,73.5,299.0,18501,3083.5,at-risk
INV000874,8,62.12,149.0,37733,4716.62,at-risk
INV000877,5,59.4,159.0,60998,12199.6,at-risk
INV000881,9,46.11,155.0,56697,6299.67,at-risk
INV000887,6,65.67,268.0,115343,19223.83,at-risk
INV000888,6,80.33,166.0,86145,14357.5,at-risk
INV000893,6,59.5,147.0,88540,14756.67,at-risk
INV000894,5,55.0,105.0,28965,5793.0,at-risk
INV000901,5,54.0,95.0,13155,2631.0,at-risk
INV000907,5,59.2,139.0,20192,4038.4,at-risk
INV000920,5,75.6,220.0,97199,19439.8,at-risk
INV000926,5,80.0,111.0,59734,11946.8,at-risk
INV000929,6,58.17,116.0,90537,15089.5,at-risk
INV000930,7,32.43,118.0,78409,11201.29,regular
INV000935,8,30.88,73.0,150317,18789.62,regular
INV000939,7,60.57,154.0,66981,9568.71,at-risk
INV000942,6,53.0,92.0,81774,13629.0,at-risk
INV000949,6,67.5,135.0,44370,7395.0,at-risk
INV000950,5,91.0,215.0,35056,7011.2,at-risk
INV000971,6,46.83,139.0,38048,6341.33,at-risk
INV000974,6,73.5,143.0,33872,5645.33,at-risk
INV000977,9,48.78,147.0,127452,14161.33,at-risk
INV000979,5,79.8,115.0,133344,26668.8,at-risk
INV000980,7,44.43,121.0,199012,28430.29,at-risk
INV000981,5,50.4,104.0,65644,13128.8,at-risk
INV000986,6,60.83,182.0,139142,23190.33,at-risk
INV000994,5,63.8,167.0,54988,10997.6,at-risk
INV001001,7,60.29,137.0,20015,2859.29,at-risk
INV001002,6,41.67,85.0,37055,6175.83,at-risk
INV001005,5,93.6,206.0,66110,13222.0,at-risk
INV001008,6,64.67,191.0,54962,9160.33,at-risk
INV001013,5,96.8,164.0,71826,14365.2,at-risk
INV001017,5,67.0,142.0,15149,3029.8,at-risk
INV001019,8,44.88,180.0,61470,7683.75,at-risk
INV001021,6,68.67,186.0,33552,5592.0,at-risk
INV001023,7,72.43,202.0,33171,4738.71,at-risk
INV001025,5,38.8,76.0,62385,12477.0,at-risk
INV001026,5,69.4,132.0,51005,10201.0,at-risk
INV001037,9,42.0,86.0,72179,8019.89,at-risk
INV001039,5,66.2,187.0,14919,2983.8,at-risk
INV001041,6,83.0,195.0,64077,10679.5,at-risk
INV001047,6,66.17,142.0,45431,7571.83,at-risk
INV001048,7,47.0,84.0,35421,5060.14,at-risk
INV001051,7,54.14,139.0,46791,6684.43,at-risk
INV001053,7,55.86,116.0,45568,6509.71,at-risk
INV001055,5,93.2,177.0,75275,15055.0,at-risk
INV001060,8,53.38,89.0,107499,13437.38,at-risk
INV001061,8,51.12,141.0,75579,9447.38,at-risk
INV001063,7,43.29,120.0,22521,3217.29,at-risk
INV001064,8,59.5,160.0,122590,15323.75,at-risk
INV001069,7,41.29,98.0,70464,10066.29,at-risk
INV001070,5,97.0,329.0,51513,10302.6,at-risk
INV001092,6,77.33,186.0,70206,11701.0,at-risk
INV001099,7,26.14,63.0,135212,19316.0,regular
INV001102,6,55.33,87.0,84880,14146.67,at-risk
INV001115,5,81.4,290.0,48895,9779.0,at-risk
INV001116,8,58.12,194.0,72406,9050.75,at-risk
INV001117,7,61.71,137.0,53335,7619.29,at-risk
INV001130,6,76.83,131.0,88471,14745.17,at-risk
INV001137,6,57.0,120.0,35162,5860.33,at-risk
INV001140,5,60.4,125.0,30749,6149.8,at-risk
INV001141,5,97.6,132.0,34034,6806.8,at-risk
INV001142,6,42.83,106.0,51187,8531.17,at-risk
INV001156,5,102.4,175.0,22991,4598.2,at-risk
INV001160,7,57.57,99.0,35656,5093.71,at-risk
INV001161,5,80.6,159.0,140685,28137.0,at-risk
INV001163,6,67.33,255.0,24708,4118.0,at-risk
INV001167,5,96.2,207.0,36900,7380.0,at-risk
INV001170,5,68.2,119.0,56480,11296.0,at-risk
INV001173,5,67.0,146.0,50169,10033.8,at-risk
INV001178,6,79.67,140.0,15542,2590.33,at-risk
INV001180,5,74.4,198.0,84040,16808.0,at-risk
INV001181,7,67.43,163.0,88281,12611.57,at-risk
INV001190,5,97.0,198.0,35835,7167.0,at-risk
INV001195,7,53.43,167.0,122214,17459.14,at-risk
INV001196,5,92.2,169.0,56973,11394.6,at-risk
INV001202,7,58.0,103.0,47364,6766.29,at-risk
INV001206,5,83.6,190.0,65178,13035.6,at-risk
INV001208,6,51.83,107.0,46906,7817.67,at-risk
INV001210,8,36.88,93.0,82049,10256.12,at-risk
INV001217,7,60.14,205.0,95598,13656.86,at-risk
INV001219,7,50.86,118.0,63963,9137.57,at-risk
INV001220,6,77.17,104.0,17840,2973.33,at-risk
INV001223,6,70.83,175.0,26458,4409.67,at-risk
INV001234,7,60.57,119.0,34723,4960.43,at-risk
INV001235,8,59.0,161.0,124172,15521.5,at-risk
INV001237,5,98.0,182.0,64315,12863.0,at-risk
INV001238,6,68.5,220.0,44740,7456.67,at-risk
INV001242,5,69.8,128.0,25609,5121.8,at-risk
INV001251,5,82.0,223.0,140272,28054.4,at-risk
INV001262,6,44.83,116.0,124797,20799.5,at-risk
INV001274,6,73.33,161.0,53823,8970.5,at-risk
INV001275,6,66.67,140.0,39809,6634.83,at-risk
INV001282,5,67.0,196.0,22521,4504.2,at-risk
INV001287,5,92.2,157.0,70303,14060.6,at-risk
INV001288,6,45.67,148.0,79609,13268.17,at-risk
INV001291,5,76.2,181.0,117577,23515.4,at-risk
INV001295,8,50.75,165.0,60107,7513.38,at-risk
INV001298,6,71.83,158.0,9942,1657.0,at-risk
INV001299,8,51.25,121.0,54076,6759.5,at-risk
INV001304,5,97.6,177.0,122091,24418.2,at-risk
INV001308,8,54.62,147.0,142642,17830.25,at-risk
INV001310,5,81.2,232.0,20907,4181.4,at-risk
INV001314,9,50.44,130.0,187581,20842.33,at-risk
INV001315,6,51.83,124.0,57483,9580.5,at-risk
INV001316,5,92.4,198.0,7213,1442.6,at-risk
INV001317,5,84.8,162.0,25126,5025.2,at-risk
INV001318,9,46.22,150.0,109781,12197.89,at-risk
INV001326,7,69.43,182.0,100056,14293.71,at-risk
INV001329,5,68.2,97.0,57038,11407.6,at-risk
INV001331,5,94.2,202.0,30775,6155.0,at-risk
INV001332,6,80.0,179.0,54577,9096.17,at-risk
INV001333,6,78.67,185.0,10976,1829.33,at-risk
INV001336,7,65.86,198.0,68976,9853.71,at-risk
INV001348,6,47.83,121.0,89246,14874.33,at-risk
INV001351,6,70.5,208.0,133191,22198.5,at-risk
INV001355,5,60.2,187.0,34056,6811.2,at-risk
INV001356,5,79.2,191.0,38750,7750.0,at-risk
INV001359,6,72.5,313.0,83450,13908.33,at-risk
INV001361,6,50.5,103.0,97080,16180.0,at-risk
INV001367,5,99.0,222.0,61524,12304.8,at-risk
INV001375,6,78.5,176.0,45825,7637.5,at-risk
INV001376,6,78.67,181.0,40701,6783.5,at-risk
INV001383,7,56.14,117.0,77438,11062.57,at-risk
INV001387,8,57.25,130.0,109250,13656.25,at-risk
INV001394,7,63.57,171.0,118767,16966.71,at-risk
INV001400,5,76.8,266.0,101197,20239.4,at-risk
INV001401,5,68.6,197.0,36838,7367.6,at-risk
INV001406,9,47.67,202.0,69039,7671.0,at-risk
INV001407,5,45.2,141.0,31549,6309.8,at-risk
INV001415,7,68.14,173.0,34333,4904.71,at-risk
INV001418,5,88.6,187.0,27169,5433.8,at-risk
INV001419,5,85.8,137.0,66263,13252.6,at-risk
INV001423,7,48.57,105.0,55488,7926.86,at-risk
INV001428,5,79.4,174.0,68987,13797.4,at-risk
INV001432,5,71.4,175.0,17068,3413.6,at-risk
INV001434,5,80.6,178.0,55141,11028.2,at-risk
INV001442,8,57.12,238.0,64625,8078.12,at-risk
INV001454,6,73.0,176.0,37113,6185.5,at-risk
INV001455,7,64.71,153.0,39648,5664.0,at-risk
INV001457,5,43.8,63.0,84936,16987.2,at-risk
INV001458,6,59.83,101.0,56557,9426.17,at-risk
INV001466,5,44.6,82.0,80629,16125.8,at-risk
INV001472,5,79.0,141.0,119521,23904.2,at-risk
INV001482,5,80.6,280.0,81620,16324.0,at-risk
INV001485,8,55.0,150.0,110903,13862.88,at-risk
INV001491,5,98.8,260.0,33329,6665.8,at-risk
INV001497,8,63.0,138.0,74607,9325.88,at-risk
INV001504,8,54.25,134.0,128424,16053.0,at-risk
INV001507,5,86.2,167.0,22182,4436.4,at-risk
INV001510,6,66.83,124.0,108283,18047.17,at-risk
INV001514,6,51.83,72.0,132319,22053.17,at-risk
INV001516,5,56.8,85.0,89039,17807.8,at-risk
INV001526,5,50.4,134.0,42155,8431.0,at-risk
INV001530,6,64.67,122.0,14038,2339.67,at-risk
INV001532,6,56.83,101.0,77152,12858.67,at-risk
INV001536,6,69.0,189.0,106345,17724.17,at-risk
INV001545,5,92.8,208.0,84215,16843.0,at-risk
INV001547,6,72.17,119.0,50825,8470.83,at-risk
INV001548,5,80.6,197.0,61958,12391.6,at-risk
INV001550,6,79.0,191.0,43846,7307.67,at-risk
INV001551,5,61.8,131.0,15810,3162.0,at-risk
INV001562,9,44.22,146.0,63586,7065.11,at-risk
INV001564,7,55.71,157.0,72212,10316.0,at-risk
INV001569,5,83.4,314.0,81941,16388.2,at-risk
INV001579,6,75.0,193.0,93198,15533.0,at-risk
INV001580,6,45.67,119.0,72245,12040.83,at-risk
INV001585,5,56.6,182.0,44080,8816.0,at-risk
INV001587,6,65.0,144.0,69789,11631.5,at-risk
INV001597,6,56.0,165.0,83318,13886.33,at-risk
INV001599,5,58.2,133.0,50736,10147.2,at-risk
INV001602,5,93.8,294.0,49203,9840.6,at-risk
INV001603,6,54.5,93.0,52935,8822.5,at-risk
INV001605,7,60.57,136.0,106634,15233.43,at-risk
INV001606,6,67.67,148.0,73001,12166.83,at-risk
INV001616,8,53.0,117.0,101508,12688.5,at-risk
INV001623,5,92.0,188.0,54705,10941.0,at-risk
INV001625,5,72.0,209.0,13953,2790.6,at-risk
INV001628,7,51.71,139.0,108567,15509.57,at-risk
INV001629,6,67.5,82.0,31250,5208.33,at-risk
INV001631,5,57.0,101.0,7342,1468.4,at-risk
INV001636,8,48.88,159.0,27261,3407.62,at-risk
INV001641,5,88.4,168.0,32505,6501.0,at-risk
INV001644,5,65.6,89.0,64453,12890.6,at-risk
INV001645,5,67.6,202.0,39701,7940.2,at-risk
INV001649,9,51.67,120.0,111370,12374.44,at-risk
INV001651,6,78.67,130.0,155449,25908.17,at-risk
INV001653,5,55.2,94.0,75733,15146.6,at-risk
INV001654,6,56.0,137.0,51415,8569.17,at-risk
INV001656,7,59.86,246.0,67439,9634.14,at-risk
INV001662,5,60.2,147.0,63869,12773.8,at-risk
INV001672,8,34.0,130.0,85714,10714.25,regular
INV001673,10,49.3,181.0,73034,7303.4,at-risk
INV001680,8,58.88,200.0,37357,4669.62,at-risk
INV001683,6,72.5,186.0,34921,5820.17,at-risk
INV001689,5,83.6,153.0,54156,10831.2,at-risk
INV001690,6,81.17,114.0,42217,7036.17,at-risk
INV001691,5,82.0,254.0,38101,7620.2,at-risk
INV001694,7,66.14,144.0,144894,20699.14,at-risk
INV001697,8,62.5,287.0,69235,8654.38,at-risk
INV001699,5,83.2,183.0,102848,20569.6,at-risk
INV001709,5,51.8,84.0,47739,9547.8,at-risk
INV001711,6,65.83,189.0,24279,4046.5,at-risk
INV001712,5,66.6,144.0,56996,11399.2,at-risk
INV001715,7,68.29,188.0,100606,14372.29,at-risk
INV001718,5,84.0,237.0,144662,28932.4,at-risk
INV001724,6,69.67,134.0,84821,14136.83,at-risk
INV001728,7,50.57,131.0,137353,19621.86,at-risk
INV001737,6,56.83,191.0,86541,14423.5,at-risk
INV001738,8,47.5,153.0,152940,19117.5,at-risk
INV001739,8,52.5,96.0,104869,13108.62,at-risk
INV001741,5,89.4,260.0,86927,17385.4,at-risk
INV001744,6,78.5,155.0,80969,13494.83,at-risk
INV001752,6,69.33,170.0,35961,5993.5,at-risk
INV001753,10,42.8,128.0,98482,9848.2,at-risk
INV001757,7,55.57,121.0,15008,2144.0,at-risk
INV001759,9,49.56,126.0,107360,11928.89,at-risk
INV001769,5,98.0,166.0,28068,5613.6,at-risk
INV001772,5,95.0,184.0,95234,19046.8,at-risk
INV001775,7,29.14,65.0,91254,13036.29,regular
INV001777,8,57.62,156.0,107308,13413.5,at-risk
INV001778,7,63.57,283.0,40755,5822.14,at-risk
INV001797,6,79.67,132.0,31692,5282.0,at-risk
INV001800,6,49.67,132.0,98061,16343.5,at-risk
INV001802,6,61.67,151.0,91242,15207.0,at-risk
INV001803,5,59.0,127.0,27353,5470.6,at-risk
INV001804,7,55.86,126.0,71915,10273.57,at-risk
INV001806,7,60.0,209.0,78004,11143.43,at-risk
INV001809,5,95.6,249.0,61544,12308.8,at-risk
INV001811,8,54.25,196.0,211462,26432.75,at-risk
INV001822,5,19.8,43.0,15306,3061.2,regular
INV001823,7,58.14,172.0,28526,4075.14,at-risk
INV001826,5,51.2,128.0,37489,7497.8,at-risk
INV001828,7,44.43,91.0,48359,6908.43,at-risk
INV001831,5,72.8,181.0,20197,4039.4,at-risk
INV001837,6,62.83,157.0,74049,12341.5,at-risk
INV001841,5,56.2,129.0,32155,6431.0,at-risk
INV001853,7,47.43,95.0,155103,22157.57,at-risk
INV001858,7,55.14,261.0,108977,15568.14,at-risk
INV001865,6,63.5,145.0,34016,5669.33,at-risk
INV001866,5,58.8,117.0,43554,8710.8,at-risk
INV001870,6,76.0,164.0,93334,15555.67,at-risk
INV001871,6,55.0,101.0,100277,16712.83,at-risk
INV001883,5,99.2,203.0,14991,2998.2,at-risk
INV001885,5,71.2,128.0,13673,2734.6,at-risk
INV001886,8,50.75,129.0,65414,8176.75,at-risk
INV001890,5,102.6,207.0,7031,1406.2,at-risk
INV001891,5,96.4,261.0,14727,2945.4,at-risk
INV001909,7,62.14,121.0,66362,9480.29,at-risk
INV001912,5,86.4,256.0,70480,14096.0,at-risk
INV001920,6,39.0,76.0,104218,17369.67,at-risk
INV001921,7,68.57,225.0,79140,11305.71,at-risk
INV001923,6,80.67,106.0,40969,6828.17,at-risk
INV001924,6,59.17,119.0,93535,15589.17,at-risk
INV001927,5,58.8,91.0,40201,8040.2,at-risk
INV001929,5,66.2,242.0,62917,12583.4,at-risk
INV001937,7,60.43,253.0,41400,5914.29,at-risk
INV001938,8,43.0,112.0,45929,5741.12,at-risk
INV001943,5,74.4,171.0,62797,12559.4,at-risk
INV001950,6,60.17,134.0,84203,14033.83,at-risk
INV001951,6,58.83,124.0,37185,6197.5,at-risk
INV001954,5,86.8,273.0,28971,5794.2,at-risk
INV001955,5,76.0,199.0,66686,13337.2,at-risk
INV001961,5,83.4,234.0,84972,16994.4,at-risk
INV001969,5,79.2,163.0,22170,4434.0,at-risk
INV001971,7,54.71,87.0,80173,11453.29,at-risk
INV001972,7,42.43,153.0,146796,20970.86,at-risk
INV001978,5,83.2,112.0,32192,6438.4,at-risk
INV001979,5,55.4,100.0,22045,4409.0,at-risk
INV001982,5,85.8,289.0,116533,23306.6,at-risk
INV001986,6,47.67,98.0,80502,13417.0,at-risk
INV001987,6,67.0,241.0,99296,16549.33,at-risk
INV001990,7,45.29,91.0,58969,8424.14,at-risk
INV001993,5,56.6,147.0,38815,7763.0,at-risk
INV001995,5,48.6,94.0,74421,14884.2,at-risk
INV001997,5,88.6,168.0,22170,4434.0,at-risk
INV002001,5,84.8,335.0,23867,4773.4,at-risk
INV002006,5,73.6,157.0,30666,6133.2,at-risk
INV002010,5,74.6,103.0,93730,18746.0,at-risk
INV002017,6,44.67,99.0,30183,5030.5,at-risk
INV002018,5,63.6,106.0,17983,3596.6,at-risk
INV002019,5,68.8,117.0,45110,9022.0,at-risk
INV002025,6,55.83,92.0,52095,8682.5,at-risk
INV002033,6,55.0,123.0,34277,5712.83,at-risk
INV002034,7,69.0,166.0,46321,6617.29,at-risk
INV002037,5,33.2,61.0,56056,11211.2,regular
INV002038,5,84.0,202.0,86440,17288.0,at-risk
INV002051,5,78.6,159.0,100625,20125.0,at-risk
INV002052,6,44.17,114.0,84225,14037.5,at-risk
INV002069,9,47.56,95.0,31934,3548.22,at-risk
INV002070,6,81.33,118.0,63652,10608.67,at-risk
INV002083,9,51.67,193.0,140646,15627.33,at-risk
INV002085,5,65.0,220.0,46380,9276.0,at-risk
INV002090,5,90.2,231.0,29721,5944.2,at-risk
INV002092,6,33.5,54.0,38011,6335.17,regular
INV002101,5,80.2,248.0,69489,13897.8,at-risk
INV002102,5,44.8,63.0,88602,17720.4,at-risk
INV002107,7,71.14,298.0,76180,10882.86,at-risk
INV002111,7,62.43,123.0,81965,11709.29,at-risk
INV002119,5,78.0,195.0,75934,15186.8,at-risk
INV002121,6,68.5,197.0,66504,11084.0,at-risk
INV002122,6,40.33,97.0,65178,10863.0,at-risk
INV002127,5,60.2,113.0,24073,4814.6,at-risk
INV002134,6,82.67,180.0,23929,3988.17,at-risk
INV002138,5,91.8,189.0,19859,3971.8,at-risk
INV002142,8,45.5,162.0,102313,12789.12,at-risk
INV002143,7,63.57,148.0,71273,10181.86,at-risk
INV002149,7,42.29,215.0,55417,7916.71,at-risk
INV002150,5,73.6,216.0,46918,9383.6,at-risk
INV002151,8,60.38,201.0,172827,21603.38,at-risk
INV002153,6,67.83,194.0,24740,4123.33,at-risk
INV002154,5,89.4,175.0,40222,8044.4,at-risk
INV002155,5,78.0,190.0,21694,4338.8,at-risk
INV002157,6,58.5,142.0,57468,9578.0,at-risk
INV002159,5,65.0,104.0,36448,7289.6,at-risk
INV002162,8,58.38,198.0,167854,20981.75,at-risk
INV002166,5,99.2,248.0,87282,17456.4,at-risk
INV002171,6,55.83,150.0,34906,5817.67,at-risk
INV002177,6,73.0,330.0,88151,14691.83,at-risk
INV002178,7,66.43,236.0,64298,9185.43,at-risk
INV002179,7,54.14,171.0,67535,9647.86,at-risk
INV002182,6,70.5,148.0,124866,20811.0,at-risk
INV002185,5,48.4,92.0,85942,17188.4,at-risk
INV002186,6,74.83,167.0,109587,18264.5,at-risk
INV002187,6,67.83,221.0,49731,8288.5,at-risk
INV002195,8,49.25,154.0,133472,16684.0,at-risk
INV002196,7,62.14,115.0,121318,17331.14,at-risk
INV002198,8,43.0,93.0,47532,5941.5,at-risk
INV002199,6,50.83,94.0,17814,2969.0,at-risk
INV002202,7,70.43,276.0,14022,2003.14,at-risk
INV002206,6,49.0,141.0,103573,17262.17,at-risk
INV002208,6,71.33,142.0,110423,18403.83,at-risk
INV002211,6,63.83,109.0,71508,11918.0,at-risk
INV002216,7,61.71,172.0,120275,17182.14,at-risk
INV002218,5,67.8,181.0,50930,10186.0,at-risk
INV002219,7,70.86,166.0,35618,5088.29,at-risk
INV002228,5,68.6,109.0,26429,5285.8,at-risk
INV002229,5,64.6,101.0,69974,13994.8,at-risk
INV002230,7,57.57,171.0,168090,24012.86,at-risk
INV002232,6,69.17,174.0,87223,14537.17,at-risk
INV002236,6,73.67,119.0,35910,5985.0,at-risk
INV002237,6,51.67,142.0,31351,5225.17,at-risk
INV002240,6,77.83,266.0,26077,4346.17,at-risk
INV002241,6,65.67,124.0,37402,6233.67,at-risk
INV002251,5,62.6,157.0,126158,25231.6,at-risk
INV002256,5,75.6,115.0,42134,8426.8,at-risk
INV002259,6,45.33,89.0,137235,22872.5,at-risk
INV002260,5,77.8,235.0,37732,7546.4,at-risk
INV002265,6,63.17,244.0,72071,12011.83,at-risk
INV002277,6,67.33,127.0,50033,8338.83,at-risk
INV002280,6,71.67,182.0,34215,5702.5,at-risk
INV002282,5,53.2,102.0,81753,16350.6,at-risk
INV002284,5,85.0,277.0,90458,18091.6,at-risk
INV002290,5,61.6,112.0,44651,8930.2,at-risk
INV002294,7,48.71,163.0,78622,11231.71,at-risk
INV002295,6,64.5,159.0,95296,15882.67,at-risk
INV002298,5,23.2,37.0,62828,12565.6,regular
INV002304,9,42.56,104.0,87699,9744.33,at-risk
INV002315,6,71.83,174.0,55825,9304.17,at-risk
INV002319,6,60.0,123.0,64057,10676.17,at-risk
INV002322,5,63.4,102.0,53547,10709.4,at-risk
INV002327,5,76.4,215.0,9733,1946.6,at-risk
INV002329,6,57.0,183.0,86529,14421.5,at-risk
INV002342,5,74.2,212.0,42299,8459.8,at-risk
INV002343,8,57.75,115.0,96206,12025.75,at-risk
INV002347,8,40.5,79.0,28869,3608.62,at-risk
INV002348,5,94.4,166.0,36020,7204.0,at-risk
INV002349,5,52.2,75.0,31264,6252.8,at-risk
INV002351,5,77.2,204.0,39717,7943.4,at-risk
INV002357,6,68.33,240.0,50935,8489.17,at-risk
INV002360,8,56.12,129.0,119305,14913.12,at-risk
INV002361,5,55.4,198.0,80157,16031.4,at-risk
INV002367,6,52.5,134.0,47095,7849.17,at-risk
INV002368,6,61.17,215.0,34032,5672.0,at-risk
INV002369,5,60.0,136.0,112955,22591.0,at-risk
INV002370,6,70.17,237.0,87324,14554.0,at-risk
INV002372,5,95.2,133.0,46641,9328.2,at-risk
INV002373,7,70.14,154.0,149335,21333.57,at-risk
INV002374,5,21.2,34.0,79269,15853.8,regular
INV002384,9,39.11,92.0,58090,6454.44,at-risk
INV002388,5,33.2,84.0,95724,19144.8,regular
INV002389,9,50.78,126.0,30167,3351.89,at-risk
INV002390,5,47.0,100.0,87307,17461.4,at-risk
INV002391,5,40.2,124.0,57309,11461.8,at-risk
INV002395,5,97.0,225.0,46398,9279.6,at-risk
INV002400,8,55.38,141.0,25315,3164.38,at-risk
INV002401,7,59.14,125.0,27470,3924.29,at-risk
INV002402,6,47.17,89.0,90509,15084.83,at-risk
INV002407,6,47.83,167.0,67925,11320.83,at-risk
INV002409,7,55.57,125.0,34314,4902.0,at-risk
INV002413,7,53.0,189.0,62931,8990.14,at-risk
INV002415,7,57.43,110.0,75748,10821.14,at-risk
INV002417,6,83.33,190.0,124010,20668.33,at-risk
INV002418,5,91.6,128.0,34067,6813.4,at-risk
INV002420,5,72.8,107.0,51838,10367.6,at-risk
INV002422,9,50.33,139.0,76218,8468.67,at-risk
INV002429,5,78.6,216.0,68876,13775.2,at-risk
INV002434,5,88.2,217.0,25230,5046.0,at-risk
INV002437,6,49.17,212.0,125399,20899.83,at-risk
INV002445,7,38.14,117.0,80992,11570.29,at-risk
INV002453,6,63.0,87.0,75962,12660.33,at-risk
INV002458,5,72.4,232.0,80098,16019.6,at-risk
INV002459,7,53.71,161.0,37447,5349.57,at-risk
INV002463,5,95.4,236.0,26687,5337.4,at-risk
INV002464,5,35.4,97.0,22770,4554.0,at-risk
INV002466,6,80.67,270.0,90838,15139.67,at-risk
INV002467,7,38.86,116.0,149110,21301.43,at-risk
INV002471,5,56.4,98.0,64229,12845.8,at-risk
INV002475,9,49.67,119.0,51670,5741.11,at-risk
INV002476,5,86.0,235.0,72381,14476.2,at-risk
INV002485,5,70.4,136.0,57472,11494.4,at-risk
INV002490,7,70.0,125.0,215285,30755.0,at-risk
INV002495,5,82.2,174.0,61882,12376.4,at-risk
INV002496,5,53.0,156.0,25510,5102.0,at-risk
INV002497,7,67.29,152.0,92454,13207.71,at-risk
INV002508,8,51.62,171.0,126478,15809.75,at-risk
INV002509,9,33.67,74.0,116029,12892.11,regular
INV002510,6,64.33,176.0,70601,11766.83,at-risk
INV002521,5,74.6,206.0,44469,8893.8,at-risk
INV002527,6,49.67,93.0,8958,1493.0,at-risk
INV002530,7,71.43,175.0,60934,8704.86,at-risk
INV002531,6,76.33,182.0,19253,3208.83,at-risk
INV002543,6,74.67,116.0,83586,13931.0,at-risk
INV002547,5,89.0,181.0,17893,3578.6,at-risk
INV002552,9,48.22,184.0,109670,12185.56,at-risk
INV002554,6,49.67,100.0,42014,7002.33,at-risk
INV002555,6,72.0,172.0,65463,10910.5,at-risk
INV002557,6,67.17,264.0,11016,1836.0,at-risk
INV002558,5,97.6,297.0,45431,9086.2,at-risk
INV002560,5,95.2,155.0,19613,3922.6,at-risk
INV002563,5,65.8,114.0,17112,3422.4,at-risk
INV002567,5,82.0,127.0,42762,8552.4,at-risk
INV002568,7,61.57,144.0,131288,18755.43,at-risk
INV002570,6,62.0,150.0,21925,3654.17,at-risk
INV002572,7,55.71,108.0,76299,10899.86,at-risk
INV002574,5,79.4,139.0,94104,18820.8,at-risk
INV002575,8,56.12,128.0,149306,18663.25,at-risk
INV002579,5,40.8,71.0,85495,17099.0,at-risk
INV002582,5,77.4,173.0,11260,2252.0,at-risk
INV002585,5,65.0,124.0,39019,7803.8,at-risk
INV002586,5,87.2,168.0,71240,14248.0,at-risk
INV002590,9,50.22,125.0,101804,11311.56,at-risk
INV002591,5,52.2,139.0,24018,4803.6,at-risk
INV002594,5,94.0,244.0,90971,18194.2,at-risk
INV002598,8,51.38,179.0,70015,8751.88,at-risk
INV002602,7,66.0,151.0,85808,12258.29,at-risk
INV002606,5,89.6,248.0,70939,14187.8,at-risk
INV002613,7,65.0,143.0,20982,2997.43,at-risk
INV002622,6,76.67,244.0,61331,10221.83,at-risk
INV002627,5,85.0,182.0,32745,6549.0,at-risk
INV002628,5,77.0,322.0,41444,8288.8,at-risk
INV002632,7,65.57,180.0,69486,9926.57,at-risk
INV002640,6,70.0,153.0,58517,9752.83,at-risk
INV002643,5,74.2,229.0,30735,6147.0,at-risk
INV002645,6,45.17,133.0,87540,14590.0,at-risk
INV002654,7,61.86,115.0,85981,12283.0,at-risk
INV002659,6,62.33,224.0,89720,14953.33,at-risk
INV002666,6,53.17,100.0,45242,7540.33,at-risk
INV002671,6,77.17,163.0,73233,12205.5,at-risk
INV002673,7,65.0,147.0,148982,21283.14,at-risk
INV002674,5,75.8,153.0,103983,20796.6,at-risk
INV002675,7,63.86,138.0,103098,14728.29,at-risk
INV002681,6,83.67,161.0,76965,12827.5,at-risk
INV002684,5,80.6,266.0,80480,16096.0,at-risk
INV002688,8,37.0,122.0,118696,14837.0,at-risk
INV002689,7,50.0,115.0,69428,9918.29,at-risk
INV002693,6,45.83,72.0,115852,19308.67,at-risk
INV002697,6,55.33,199.0,60696,10116.0,at-risk
INV002700,6,79.83,140.0,38764,6460.67,at-risk
INV002704,7,59.14,139.0,71079,10154.14,at-risk
INV002705,7,22.57,70.0,45170,6452.86,regular
INV002706,5,73.6,133.0,55166,11033.2,at-risk
INV002711,7,65.57,230.0,70559,10079.86,at-risk
INV002712,10,46.8,174.0,101599,10159.9,at-risk
INV002722,5,61.4,178.0,33789,6757.8,at-risk
INV002723,8,37.75,102.0,38780,4847.5,at-risk
INV002724,5,76.6,187.0,92874,18574.8,at-risk
INV002726,7,45.57,84.0,38708,5529.71,at-risk
INV002732,7,70.71,151.0,95807,13686.71,at-risk
INV002733,7,51.57,150.0,55585,7940.71,at-risk
INV002735,6,68.17,136.0,83703,13950.5,at-risk
INV002736,5,70.6,323.0,52334,10466.8,at-risk
INV002737,7,58.43,104.0,101845,14549.29,at-risk
INV002743,5,88.2,190.0,37874,7574.8,at-risk
INV002744,9,52.89,139.0,64006,7111.78,at-risk
INV002746,7,68.0,206.0,48334,6904.86,at-risk
INV002750,5,72.4,254.0,46138,9227.6,at-risk
INV002751,6,41.5,102.0,90231,15038.5,at-risk
INV002758,5,81.0,263.0,88331,17666.2,at-risk
INV002761,5,80.6,312.0,50980,10196.0,at-risk
INV002766,5,70.6,151.0,68160,13632.0,at-risk
INV002767,6,55.33,145.0,31157,5192.83,at-risk
INV002769,6,82.0,141.0,141024,23504.0,at-risk
INV002772,6,74.5,168.0,55788,9298.0,at-risk
INV002779,5,64.2,151.0,98344,19668.8,at-risk
INV002783,6,64.0,126.0,49389,8231.5,at-risk
INV002786,6,76.33,124.0,92415,15402.5,at-risk
INV002793,6,59.33,125.0,47634,7939.0,at-risk
INV002794,6,56.17,111.0,57803,9633.83,at-risk
INV002799,5,70.8,129.0,70263,14052.6,at-risk
INV002800,6,63.5,108.0,77358,12893.0,at-risk
INV002803,6,64.83,176.0,29988,4998.0,at-risk
INV002804,7,59.86,209.0,50193,7170.43,at-risk
INV002808,6,59.67,120.0,110283,18380.5,at-risk
INV002809,5,81.4,276.0,19942,3988.4,at-risk
INV002810,7,32.29,139.0,141529,20218.43,regular
INV002813,6,49.0,149.0,49701,8283.5,at-risk
INV002822,6,53.0,108.0,69377,11562.83,at-risk
INV002824,6,71.83,223.0,117492,19582.0,at-risk
INV002826,5,61.6,91.0,16298,3259.6,at-risk
INV002827,5,73.6,200.0,30706,6141.2,at-risk
INV002828,5,80.0,211.0,19165,3833.0,at-risk
INV002831,5,40.2,72.0,24614,4922.8,at-risk
INV002835,6,82.33,233.0,60703,10117.17,at-risk
INV002838,7,56.71,116.0,83566,11938.0,at-risk
INV002841,5,43.4,102.0,65266,13053.2,at-risk
INV002843,7,43.14,128.0,32092,4584.57,at-risk
INV002847,9,52.67,129.0,50235,5581.67,at-risk
INV002850,6,53.17,166.0,52254,8709.0,at-risk
INV002852,5,75.8,207.0,17644,3528.8,at-risk
INV002859,6,76.5,198.0,95074,15845.67,at-risk
INV002863,5,74.4,199.0,61511,12302.2,at-risk
INV002865,5,37.2,50.0,90989,18197.8,at-risk
INV002870,5,48.2,109.0,30012,6002.4,at-risk
INV002872,5,85.6,199.0,43944,8788.8,at-risk
INV002873,5,98.2,235.0,101303,20260.6,at-risk
INV002879,6,72.17,125.0,62722,10453.67,at-risk
INV002881,5,43.6,110.0,19132,3826.4,at-risk
INV002883,5,96.0,176.0,68568,13713.6,at-risk
INV002886,6,44.33,137.0,105712,17618.67,at-risk
INV002891,7,72.71,166.0,89654,12807.71,at-risk
INV002893,8,50.0,148.0,58691,7336.38,at-risk
INV002900,5,64.2,136.0,67632,13526.4,at-risk
INV002903,5,89.6,176.0,28489,5697.8,at-risk
INV002904,6,49.33,104.0,20346,3391.0,at-risk
INV002905,5,73.0,221.0,14581,2916.2,at-risk
INV002906,5,41.2,74.0,87394,17478.8,at-risk
INV002909,6,82.33,263.0,75759,12626.5,at-risk
INV002912,5,97.0,342.0,74648,14929.6,at-risk
INV002913,6,73.67,168.0,82883,13813.83,at-risk
INV002915,7,49.29,117.0,111381,15911.57,at-risk
INV002921,6,53.33,121.0,123009,20501.5,at-risk
INV002927,7,40.29,79.0,82640,11805.71,at-risk
INV002935,6,48.0,72.0,44792,7465.33,at-risk
INV002937,6,67.17,184.0,134555,22425.83,at-risk
INV002939,6,60.5,127.0,44728,7454.67,at-risk
INV002942,8,55.5,180.0,82198,10274.75,at-risk
INV002945,7,65.0,139.0,118512,16930.29,at-risk
INV002947,6,64.17,152.0,26631,4438.5,at-risk
INV002950,7,45.86,119.0,52174,7453.43,at-risk
INV002951,6,51.83,82.0,38180,6363.33,at-risk
INV002961,6,84.67,231.0,99860,16643.33,at-risk
INV002974,6,51.33,105.0,85746,14291.0,at-risk
INV002984,5,91.0,200.0,31555,6311.0,at-risk
INV002989,5,86.6,182.0,96141,19228.2,at-risk
INV002994,6,58.17,142.0,50278,8379.67,at-risk
INV003000,6,67.0,137.0,52062,8677.0,at-risk
INV003003,8,58.25,100.0,41071,5133.88,at-risk
INV003005,7,53.14,107.0,90729,12961.29,at-risk
INV003007,8,48.25,162.0,49662,6207.75,at-risk
INV003009,8,38.12,84.0,44064,5508.0,at-risk
INV003011,6,64.17,154.0,46903,7817.17,at-risk
INV003014,5,82.4,144.0,144429,28885.8,at-risk
INV003015,6,54.67,91.0,111254,18542.33,at-risk
INV003018,5,49.2,156.0,20626,4125.2,at-risk
INV003022,5,69.6,123.0,66891,13378.2,at-risk
INV003024,5,44.2,122.0,47308,9461.6,at-risk
INV003025,7,35.29,65.0,59336,8476.57,at-risk
INV003028,5,91.4,183.0,52314,10462.8,at-risk
INV003034,5,73.4,118.0,91562,18312.4,at-risk
INV003036,7,57.71,138.0,134253,19179.0,at-risk
INV003037,6,79.5,300.0,39324,6554.0,at-risk
INV003040,5,74.0,194.0,49546,9909.2,at-risk
INV003043,6,73.83,131.0,77126,12854.33,at-risk
INV003044,6,71.17,237.0,13237,2206.17,at-risk
INV003045,5,36.2,71.0,15957,3191.4,at-risk
INV003047,7,70.14,215.0,132646,18949.43,at-risk
INV003054,6,78.67,209.0,74415,12402.5,at-risk
INV003060,6,79.0,135.0,58593,9765.5,at-risk
INV003063,6,57.83,112.0,26446,4407.67,at-risk
INV003070,8,54.5,132.0,90300,11287.5,at-risk
INV003074,5,74.8,123.0,76687,15337.4,at-risk
INV003075,7,57.43,128.0,160483,22926.14,at-risk
INV003078,6,69.17,126.0,46382,7730.33,at-risk
INV003082,7,46.43,142.0,31982,4568.86,at-risk
INV003083,5,66.4,169.0,30784,6156.8,at-risk
INV003089,5,65.0,107.0,29953,5990.6,at-risk
INV003091,8,50.88,199.0,35408,4426.0,at-risk
INV003095,5,86.6,175.0,62031,12406.2,at-risk
INV003097,7,62.71,121.0,141805,20257.86,at-risk
INV003105,6,65.5,140.0,120604,20100.67,at-risk
INV003112,5,91.6,173.0,65473,13094.6,at-risk
INV003113,7,66.86,159.0,109089,15584.14,at-risk
INV003115,5,48.0,125.0,51320,10264.0,at-risk
INV003117,7,66.57,115.0,70076,10010.86,at-risk
INV003134,6,76.83,172.0,109753,18292.17,at-risk
INV003139,6,55.17,133.0,77461,12910.17,at-risk
INV003140,7,57.0,125.0,44307,6329.57,at-risk
INV003141,6,67.5,225.0,80663,13443.83,at-risk
INV003144,6,82.5,243.0,46988,7831.33,at-risk
INV003146,8,59.5,283.0,114097,14262.12,at-risk
INV003151,5,81.0,146.0,28855,5771.0,at-risk
INV003153,6,40.67,156.0,82238,13706.33,at-risk
INV003158,8,55.62,138.0,67983,8497.88,at-risk
INV003161,5,77.4,118.0,16978,3395.6,at-risk
INV003169,5,62.6,178.0,28082,5616.4,at-risk
INV003178,5,56.4,84.0,38388,7677.6,at-risk
INV003179,8,56.25,151.0,63819,7977.38,at-risk
INV003185,5,65.2,116.0,71754,14350.8,at-risk
INV003187,8,58.25,244.0,47435,5929.38,at-risk
INV003189,8,55.12,198.0,32181,4022.62,at-risk
INV003191,5,76.8,138.0,18970,3794.0,at-risk
INV003193,5,96.6,294.0,61093,12218.6,at-risk
INV003196,6,80.33,319.0,31965,5327.5,at-risk
INV003205,6,67.67,111.0,42348,7058.0,at-risk
INV003210,5,72.2,112.0,18395,3679.0,at-risk
INV003211,6,69.0,104.0,72852,12142.0,at-risk
INV003214,5,59.8,170.0,28855,5771.0,at-risk
INV003215,6,60.83,105.0,21990,3665.0,at-risk
INV003219,5,57.2,86.0,110473,22094.6,at-risk
INV003221,6,61.17,99.0,171324,28554.0,at-risk
INV003222,6,81.5,190.0,43581,7263.5,at-risk
INV003223,7,67.71,331.0,113449,16207.0,at-risk
INV003228,6,70.17,256.0,85881,14313.5,at-risk
INV003230,6,67.5,251.0,59440,9906.67,at-risk
INV003231,6,83.0,253.0,60106,10017.67,at-risk
INV003234,5,96.6,188.0,24135,4827.0,at-risk
INV003236,8,51.12,115.0,117042,14630.25,at-risk
INV003242,6,61.0,159.0,47861,7976.83,at-risk
INV003247,5,84.6,206.0,92539,18507.8,at-risk
INV003252,5,67.6,192.0,86368,17273.6,at-risk
INV003256,6,51.0,90.0,84461,14076.83,at-risk
INV003257,5,61.8,139.0,88315,17663.0,at-risk
INV003260,5,89.4,247.0,64739,12947.8,at-risk
INV003262,5,85.2,162.0,134444,26888.8,at-risk
INV003267,5,74.4,197.0,12763,2552.6,at-risk
INV003271,6,61.17,157.0,37622,6270.33,at-risk
INV003273,7,60.14,134.0,147159,21022.71,at-risk
INV003277,7,53.71,192.0,63992,9141.71,at-risk
INV003279,8,63.38,147.0,141342,17667.75,at-risk
INV003289,6,64.83,183.0,88410,14735.0,at-risk
INV003300,5,64.8,219.0,89862,17972.4,at-risk
INV003301,8,59.38,113.0,170473,21309.12,at-risk
INV003304,9,44.22,180.0,131770,14641.11,at-risk
INV003308,8,56.75,141.0,75773,9471.62,at-risk
INV003310,5,80.8,154.0,29457,5891.4,at-risk
INV003311,8,48.0,149.0,40905,5113.12,at-risk
INV003314,6,73.5,210.0,151534,25255.67,at-risk
INV003317,7,44.14,71.0,72942,10420.29,at-risk
INV003320,7,45.29,192.0,106551,15221.57,at-risk
INV003325,5,101.0,155.0,40078,8015.6,at-risk
INV003329,5,89.0,230.0,112183,22436.6,at-risk
INV003336,6,72.33,133.0,90011,15001.83,at-risk
INV003338,8,37.5,155.0,138118,17264.75,at-risk
INV003344,5,86.6,190.0,25454,5090.8,at-risk
INV003350,5,92.4,191.0,21048,4209.6,at-risk
INV003351,5,54.0,86.0,50204,10040.8,at-risk
INV003352,7,68.14,279.0,105532,15076.0,at-risk
INV003357,5,62.4,100.0,35809,7161.8,at-risk
INV003360,7,59.43,163.0,54610,7801.43,at-risk
INV003370,6,63.33,206.0,55556,9259.33,at-risk
INV003372,5,59.4,118.0,27731,5546.2,at-risk
INV003374,6,56.5,128.0,48005,8000.83,at-risk
INV003375,7,52.71,158.0,111188,15884.0,at-risk
INV003376,5,85.8,199.0,75098,15019.6,at-risk
INV003379,6,75.17,268.0,52327,8721.17,at-risk
INV003380,5,72.4,155.0,35235,7047.0,at-risk
INV003382,5,34.2,85.0,67494,13498.8,regular
INV003391,5,56.6,193.0,73176,14635.2,at-risk
INV003393,7,63.71,178.0,44647,6378.14,at-risk
INV003395,5,79.0,192.0,53456,10691.2,at-risk
INV003398,7,55.43,140.0,46678,6668.29,at-risk
INV003403,5,56.6,116.0,45723,9144.6,at-risk
INV003404,7,50.29,198.0,55606,7943.71,at-risk
INV003405,7,41.0,186.0,92570,13224.29,at-risk
INV003406,7,59.0,251.0,88088,12584.0,at-risk
INV003407,7,57.43,146.0,49377,7053.86,at-risk
INV003422,6,84.67,167.0,67879,11313.17,at-risk
INV003424,6,73.17,124.0,57523,9587.17,at-risk
INV003427,5,84.2,266.0,96243,19248.6,at-risk
INV003430,5,73.4,104.0,45040,9008.0,at-risk
INV003431,5,51.4,152.0,62185,12437.0,at-risk
INV003432,6,61.33,97.0,59155,9859.17,at-risk
INV003435,6,73.83,140.0,66158,11026.33,at-risk
INV003437,5,91.2,226.0,42502,8500.4,at-risk
INV003448,6,74.5,200.0,19486,3247.67,at-risk
INV003450,9,47.67,158.0,133992,14888.0,at-risk
INV003455,6,35.5,76.0,65633,10938.83,at-risk
INV003457,6,60.5,117.0,46846,7807.67,at-risk
INV003458,7,67.86,206.0,29604,4229.14,at-risk
INV003459,5,59.4,113.0,27522,5504.4,at-risk
INV003473,5,95.8,213.0,38861,7772.2,at-risk
INV003475,8,56.0,155.0,75141,9392.62,at-risk
INV003478,8,56.62,195.0,125513,15689.12,at-risk
INV003479,7,65.71,164.0,88025,12575.0,at-risk
INV003480,5,82.4,211.0,34370,6874.0,at-risk
INV003484,5,73.8,333.0,68120,13624.0,at-risk
INV003487,5,70.6,155.0,92995,18599.0,at-risk
INV003491,8,59.12,119.0,55173,6896.62,at-risk
INV003492,5,90.8,162.0,37381,7476.2,at-risk
INV003495,9,49.22,121.0,52606,5845.11,at-risk
INV003506,6,67.0,132.0,24516,4086.0,at-risk
INV003509,8,60.88,149.0,85675,10709.38,at-risk
INV003511,7,65.57,183.0,56807,8115.29,at-risk
INV003514,5,74.2,172.0,49172,9834.4,at-risk
INV003518,5,67.8,157.0,37698,7539.6,at-risk
INV003521,5,89.0,183.0,24582,4916.4,at-risk
INV003524,6,64.17,203.0,70669,11778.17,at-risk
INV003526,5,88.2,224.0,28471,5694.2,at-risk
INV003528,8,58.62,186.0,142726,17840.75,at-risk
INV003530,5,51.0,101.0,68588,13717.6,at-risk
INV003531,5,76.4,185.0,54178,10835.6,at-risk
INV003534,7,52.71,160.0,49298,7042.57,at-risk
INV003545,5,90.0,210.0,32593,6518.6,at-risk
INV003556,5,77.6,129.0,32608,6521.6,at-risk
INV003557,5,66.4,156.0,48483,9696.6,at-risk
INV003558,6,39.17,66.0,73564,12260.67,at-risk
INV003559,9,48.33,118.0,87919,9768.78,at-risk
INV003562,6,80.5,165.0,74395,12399.17,at-risk
INV003564,7,71.0,292.0,142944,20420.57,at-risk
INV003580,6,72.17,227.0,62312,10385.33,at-risk
INV003581,7,51.29,95.0,38454,5493.43,at-risk
INV003582,6,49.33,167.0,47369,7894.83,at-risk
INV003586,7,54.29,113.0,130440,18634.29,at-risk
INV003592,5,75.6,202.0,69181,13836.2,at-risk
INV003593,5,78.2,166.0,53040,10608.0,at-risk
INV003598,7,68.0,114.0,26604,3800.57,at-risk
INV003599,5,50.0,100.0,91417,18283.4,at-risk
INV003601,8,45.25,118.0,56604,7075.5,at-risk
INV003604,5,90.2,188.0,69686,13937.2,at-risk
INV003607,5,70.4,253.0,13371,2674.2,at-risk
INV003611,6,68.83,228.0,94638,15773.0,at-risk
INV003613,7,67.43,283.0,79551,11364.43,at-risk
INV003619,5,72.0,113.0,23485,4697.0,at-risk
INV003625,5,62.4,168.0,86399,17279.8,at-risk
INV003627,6,59.17,152.0,15019,2503.17,at-risk
INV003630,6,52.0,96.0,32410,5401.67,at-risk
INV003633,5,78.8,119.0,68607,13721.4,at-risk
INV003634,5,47.8,83.0,62421,12484.2,at-risk
INV003635,9,47.11,95.0,90355,10039.44,at-risk
INV003641,7,67.0,219.0,84304,12043.43,at-risk
INV003642,6,53.17,217.0,97686,16281.0,at-risk
INV003645,5,95.2,257.0,17669,3533.8,at-risk
INV003649,5,96.8,195.0,30111,6022.2,at-risk
INV003650,10,33.9,86.0,40805,4080.5,regular
INV003654,6,60.5,124.0,106831,17805.17,at-risk
INV003655,9,49.78,198.0,150421,16713.44,at-risk
INV003658,7,70.71,143.0,32340,4620.0,at-risk
INV003660,5,79.0,164.0,62060,12412.0,at-risk
INV003669,6,53.5,98.0,88037,14672.83,at-risk
INV003670,7,70.86,160.0,72389,10341.29,at-risk
INV003672,5,77.2,180.0,72509,14501.8,at-risk
INV003673,7,68.86,160.0,62804,8972.0,at-risk
INV003678,5,32.8,45.0,46293,9258.6,regular
INV003681,8,51.0,101.0,25505,3188.12,at-risk
INV003683,5,92.4,165.0,38522,7704.4,at-risk
INV003684,5,98.2,229.0,47071,9414.2,at-risk
INV003685,5,80.2,132.0,131580,26316.0,at-risk
INV003686,5,96.6,328.0,68568,13713.6,at-risk
INV003693,6,71.33,234.0,91651,15275.17,at-risk
INV003695,6,51.67,157.0,28511,4751.83,at-risk
INV003696,5,75.8,190.0,102106,20421.2,at-risk
INV003697,6,76.67,163.0,90963,15160.5,at-risk
INV003702,6,72.67,118.0,86308,14384.67,at-risk
INV003705,5,78.8,152.0,57824,11564.8,at-risk
INV003707,5,68.6,152.0,149407,29881.4,at-risk
INV003708,6,60.5,104.0,26034,4339.0,at-risk
INV003709,5,80.2,181.0,28231,5646.2,at-risk
INV003710,5,78.6,118.0,68583,13716.6,at-risk
INV003711,5,72.2,145.0,85673,17134.6,at-risk
INV003712,5,79.6,163.0,62229,12445.8,at-risk
INV003713,6,81.5,161.0,121149,20191.5,at-risk
INV003718,5,91.4,284.0,77808,15561.6,at-risk
INV003720,5,74.6,116.0,22119,4423.8,at-risk
INV003722,6,50.67,135.0,188032,31338.67,at-risk
INV003723,5,61.8,124.0,35401,7080.2,at-risk
INV003724,6,68.0,169.0,77087,12847.83,at-risk
INV003733,5,88.8,174.0,12162,2432.4,at-risk
INV003734,7,59.0,290.0,62667,8952.43,at-risk
INV003735,7,45.86,104.0,85344,12192.0,at-risk
INV003736,6,77.17,120.0,33393,5565.5,at-risk
INV003738,5,50.6,117.0,16167,3233.4,at-risk
INV003740,6,51.83,172.0,119321,19886.83,at-risk
INV003741,6,67.67,159.0,53364,8894.0,at-risk
INV003744,5,86.8,187.0,21639,4327.8,at-risk
INV003745,5,70.2,183.0,24104,4820.8,at-risk
INV003748,7,56.14,182.0,39265,5609.29,at-risk
INV003757,6,81.83,156.0,30923,5153.83,at-risk
INV003761,7,51.86,150.0,20695,2956.43,at-risk
INV003766,7,65.29,192.0,52382,7483.14,at-risk
INV003767,8,47.5,125.0,128374,16046.75,at-risk
INV003771,9,50.78,130.0,109941,12215.67,at-risk
INV003772,8,34.5,72.0,26850,3356.25,regular
INV003775,5,74.0,151.0,109050,21810.0,at-risk
INV003779,5,76.4,160.0,14577,2915.4,at-risk
INV003780,7,57.43,135.0,71226,10175.14,at-risk
INV003781,6,64.83,199.0,36456,6076.0,at-risk
INV003785,5,74.2,160.0,85148,17029.6,at-risk
INV003787,8,63.25,178.0,79792,9974.0,at-risk
INV003793,6,72.33,203.0,122723,20453.83,at-risk
INV003795,6,67.67,122.0,53527,8921.17,at-risk
INV003811,6,78.67,141.0,78958,13159.67,at-risk
INV003812,6,50.83,174.0,49575,8262.5,at-risk
INV003813,5,82.2,122.0,62355,12471.0,at-risk
INV003815,6,72.5,217.0,55781,9296.83,at-risk
INV003824,6,71.5,196.0,86558,14426.33,at-risk
INV003825,5,81.2,99.0,69455,13891.0,at-risk
INV003828,6,30.67,109.0,125173,20862.17,regular
INV003829,9,48.56,159.0,46222,5135.78,at-risk
INV003830,5,71.4,115.0,136474,27294.8,at-risk
INV003844,6,68.5,197.0,70721,11786.83,at-risk
INV003847,7,50.0,66.0,66832,9547.43,at-risk
INV003849,5,77.2,146.0,114042,22808.4,at-risk
INV003851,6,57.83,121.0,105435,17572.5,at-risk
INV003860,5,46.0,72.0,126834,25366.8,at-risk
INV003862,6,60.17,184.0,57593,9598.83,at-risk
INV003865,6,85.17,235.0,43712,7285.33,at-risk
INV003868,5,87.6,264.0,102236,20447.2,at-risk
INV003872,8,45.38,85.0,138715,17339.38,at-risk
INV003876,5,77.6,160.0,103144,20628.8,at-risk
INV003880,7,68.57,193.0,47099,6728.43,at-risk
INV003885,5,71.6,281.0,77447,15489.4,at-risk
INV003892,9,55.22,114.0,127021,14113.44,at-risk
INV003896,5,82.0,255.0,41401,8280.2,at-risk
INV003897,5,71.6,144.0,71571,14314.2,at-risk
INV003903,7,50.29,130.0,69481,9925.86,at-risk
INV003905,6,62.5,103.0,69478,11579.67,at-risk
INV003906,9,55.11,115.0,109271,12141.22,at-risk
INV003912,5,68.6,195.0,6689,1337.8,at-risk
INV003913,7,61.43,136.0,49431,7061.57,at-risk
INV003916,5,67.2,114.0,75183,15036.6,at-risk
INV003920,7,66.86,132.0,81248,11606.86,at-risk
INV003936,5,89.6,227.0,65269,13053.8,at-risk
INV003938,6,52.5,110.0,51550,8591.67,at-risk
INV003940,6,70.67,151.0,80153,13358.83,at-risk
INV003943,8,42.5,88.0,34431,4303.88,at-risk
INV003945,6,56.33,175.0,58220,9703.33,at-risk
INV003946,6,69.17,147.0,54221,9036.83,at-risk
INV003948,6,43.67,101.0,78554,13092.33,at-risk
INV003952,6,54.67,95.0,97152,16192.0,at-risk
INV003958,5,85.6,133.0,66751,13350.2,at-risk
INV003962,7,68.71,302.0,173808,24829.71,at-risk
INV003964,9,51.22,130.0,79345,8816.11,at-risk
INV003968,5,92.4,209.0,54234,10846.8,at-risk
INV003972,5,84.2,224.0,101356,20271.2,at-risk
INV003975,7,50.14,125.0,63562,9080.29,at-risk
INV003978,7,68.14,209.0,19814,2830.57,at-risk
INV003979,7,56.0,123.0,23749,3392.71,at-risk
INV003981,6,67.67,237.0,52022,8670.33,at-risk
INV003985,5,93.0,191.0,22150,4430.0,at-risk
INV003996,5,95.2,244.0,85303,17060.6,at-risk
INV004001,7,40.29,123.0,80775,11539.29,at-risk
INV004004,9,40.78,88.0,121682,13520.22,at-risk
INV004005,6,73.67,314.0,98463,16410.5,at-risk
INV004007,6,38.83,102.0,17316,2886.0,at-risk
INV004009,7,62.29,87.0,106492,15213.14,at-risk
INV004014,8,61.88,182.0,81834,10229.25,at-risk
INV004015,5,88.0,190.0,7126,1425.2,at-risk
INV004017,6,40.5,85.0,29080,4846.67,at-risk
INV004023,9,52.0,93.0,93601,10400.11,at-risk
INV004037,5,74.6,137.0,43934,8786.8,at-risk
INV004038,6,71.67,207.0,153632,25605.33,at-risk
INV004049,5,48.2,83.0,22189,4437.8,at-risk
INV004063,7,56.57,167.0,80475,11496.43,at-risk
INV004066,6,75.17,319.0,54477,9079.5,at-risk
INV004069,5,74.0,196.0,46078,9215.6,at-risk
INV004070,6,67.67,170.0,30960,5160.0,at-risk
INV004079,6,71.33,164.0,78208,13034.67,at-risk
INV004085,6,68.33,260.0,96185,16030.83,at-risk
INV004091,5,73.6,240.0,16884,3376.8,at-risk
INV004094,5,55.8,167.0,64905,12981.0,at-risk
INV004098,5,58.2,87.0,57383,11476.6,at-risk
INV004099,5,58.8,174.0,69195,13839.0,at-risk
INV004106,5,55.8,151.0,100253,20050.6,at-risk
INV004112,5,55.2,112.0,37336,7467.2,at-risk
INV004116,9,54.89,117.0,69043,7671.44,at-risk
INV004118,5,64.6,161.0,30211,6042.2,at-risk
INV004119,5,73.2,237.0,23171,4634.2,at-risk
INV004123,5,85.0,138.0,22559,4511.8,at-risk
INV004124,5,63.8,193.0,89427,17885.4,at-risk
INV004125,8,61.62,142.0,106431,13303.88,at-risk
INV004127,5,87.6,190.0,20764,4152.8,at-risk
INV004128,5,67.2,156.0,48962,9792.4,at-risk
INV004134,5,35.4,54.0,16166,3233.2,at-risk
INV004135,9,50.11,164.0,63620,7068.89,at-risk
INV004143,5,97.0,280.0,54048,10809.6,at-risk
INV004145,5,66.2,144.0,15391,3078.2,at-risk
INV004146,5,88.2,253.0,40126,8025.2,at-risk
INV004147,5,72.2,136.0,65866,13173.2,at-risk
INV004149,5,50.2,130.0,89235,17847.0,at-risk
INV004151,7,63.14,197.0,108803,15543.29,at-risk
INV004153,7,60.0,125.0,129432,18490.29,at-risk
INV004154,11,46.73,90.0,171630,15602.73,at-risk
INV004172,7,63.0,196.0,51403,7343.29,at-risk
INV004174,5,86.6,195.0,132156,26431.2,at-risk
INV004175,7,67.86,133.0,88177,12596.71,at-risk
INV004177,7,45.43,117.0,30392,4341.71,at-risk
INV004179,5,71.2,129.0,80522,16104.4,at-risk
INV004181,5,93.4,245.0,96974,19394.8,at-risk
INV004191,6,77.17,310.0,39989,6664.83,at-risk
INV004196,6,78.33,219.0,107883,17980.5,at-risk
INV004199,5,58.2,138.0,60588,12117.6,at-risk
INV004202,8,47.62,114.0,86569,10821.12,at-risk
INV004203,7,66.57,113.0,61695,8813.57,at-risk
INV004208,5,73.4,156.0,45438,9087.6,at-risk
INV004212,6,69.33,169.0,130032,21672.0,at-risk
INV004216,6,82.0,195.0,59895,9982.5,at-risk
INV004228,6,72.33,112.0,90347,15057.83,at-risk
INV004232,5,71.4,232.0,15794,3158.8,at-risk
INV004239,7,61.14,130.0,22578,3225.43,at-risk
INV004241,9,53.67,117.0,77007,8556.33,at-risk
INV004243,7,55.71,131.0,75177,10739.57,at-risk
INV004246,6,34.17,64.0,96467,16077.83,regular
INV004247,5,87.2,274.0,63123,12624.6,at-risk
INV004248,6,42.67,93.0,104628,17438.0,at-risk
INV004258,6,49.67,105.0,17915,2985.83,at-risk
INV004266,6,61.83,101.0,29241,4873.5,at-risk
INV004267,6,53.33,109.0,62463,10410.5,at-risk
INV004270,6,69.67,204.0,38996,6499.33,at-risk
INV004271,5,79.8,157.0,49841,9968.2,at-risk
INV004279,7,50.29,116.0,143219,20459.86,at-risk
INV004281,7,41.71,93.0,141424,20203.43,at-risk
INV004282,7,52.86,105.0,61904,8843.43,at-risk
INV004285,6,76.17,169.0,87725,14620.83,at-risk
INV004288,6,72.83,223.0,48575,8095.83,at-risk
INV004289,10,45.9,201.0,41399,4139.9,at-risk
INV004293,5,81.8,142.0,110097,22019.4,at-risk
INV004295,8,44.75,119.0,65750,8218.75,at-risk
INV004296,5,102.2,304.0,76540,15308.0,at-risk
INV004297,8,41.88,82.0,118975,14871.88,at-risk
INV004299,7,64.14,175.0,71896,10270.86,at-risk
INV004306,6,57.0,118.0,73106,12184.33,at-risk
INV004308,6,84.67,244.0,52771,8795.17,at-risk
INV004314,5,83.0,195.0,111921,22384.2,at-risk
INV004319,8,60.5,275.0,115148,14393.5,at-risk
INV004321,8,42.0,84.0,111564,13945.5,at-risk
INV004324,6,77.67,173.0,49374,8229.0,at-risk
INV004326,9,40.11,78.0,110406,12267.33,at-risk
INV004332,7,64.71,149.0,15395,2199.29,at-risk
INV004335,7,64.43,104.0,67764,9680.57,at-risk
INV004338,9,48.89,209.0,133924,14880.44,at-risk
INV004340,5,67.8,252.0,44492,8898.4,at-risk
INV004343,5,63.0,190.0,78900,15780.0,at-risk
INV004348,5,52.2,120.0,99503,19900.6,at-risk
INV004349,6,72.5,159.0,130469,21744.83,at-risk
INV004356,5,30.8,81.0,25117,5023.4,regular
INV004357,7,72.43,305.0,50096,7156.57,at-risk
INV004358,7,45.86,87.0,76826,10975.14,at-risk
INV004361,7,61.57,124.0,20791,2970.14,at-risk
INV004364,5,80.6,173.0,26775,5355.0,at-risk
INV004367,5,81.6,194.0,141808,28361.6,at-risk
INV004372,5,59.2,155.0,61160,12232.0,at-risk
INV004391,5,57.0,96.0,47602,9520.4,at-risk
INV004392,5,90.4,200.0,87809,17561.8,at-risk
INV004400,7,46.57,104.0,170819,24402.71,at-risk
INV004401,7,69.86,216.0,102566,14652.29,at-risk
INV004403,5,73.6,150.0,8056,1611.2,at-risk
INV004410,10,40.9,138.0,79784,7978.4,at-risk
INV004411,5,61.0,111.0,29770,5954.0,at-risk
INV004412,6,82.33,173.0,49775,8295.83,at-risk
INV004413,7,69.0,142.0,83640,11948.57,at-risk
INV004414,7,53.86,176.0,87653,12521.86,at-risk
INV004421,5,90.8,221.0,71760,14352.0,at-risk
INV004427,10,50.8,125.0,108437,10843.7,at-risk
INV004434,5,84.6,156.0,71492,14298.4,at-risk
INV004446,5,65.8,170.0,41554,8310.8,at-risk
INV004447,6,49.83,129.0,108573,18095.5,at-risk
INV004450,5,61.6,153.0,78767,15753.4,at-risk
INV004451,5,84.0,137.0,80693,16138.6,at-risk
INV004452,6,81.0,180.0,117408,19568.0,at-risk
INV004454,5,98.4,311.0,48023,9604.6,at-risk
INV004455,5,50.0,105.0,20268,4053.6,at-risk
INV004457,5,81.4,188.0,74058,14811.6,at-risk
INV004459,6,53.83,141.0,66665,11110.83,at-risk
INV004460,8,42.5,93.0,19618,2452.25,at-risk
INV004463,5,94.8,211.0,77066,15413.2,at-risk
INV004464,6,62.5,142.0,34747,5791.17,at-risk
INV004468,6,76.83,154.0,40023,6670.5,at-risk
INV004472,6,50.67,156.0,32540,5423.33,at-risk
INV004473,6,73.33,152.0,9754,1625.67,at-risk
INV004475,6,67.83,87.0,67702,11283.67,at-risk
INV004477,7,58.71,180.0,25023,3574.71,at-risk
INV004484,5,61.6,182.0,45124,9024.8,at-risk
INV004502,6,74.5,165.0,56250,9375.0,at-risk
INV004504,7,55.14,247.0,88643,12663.29,at-risk
INV004511,5,37.2,89.0,40084,8016.8,at-risk
INV004517,5,86.6,185.0,21344,4268.8,at-risk
INV004521,6,54.5,76.0,103614,17269.0,at-risk
INV004523,5,87.2,127.0,48360,9672.0,at-risk
INV004528,6,54.0,149.0,138149,23024.83,at-risk
INV004531,7,60.0,159.0,127397,18199.57,at-risk
INV004533,6,55.0,118.0,125090,20848.33,at-risk
INV004542,6,34.0,59.0,57880,9646.67,regular
INV004547,6,67.5,165.0,30485,5080.83,at-risk
INV004555,7,53.14,151.0,110886,15840.86,at-risk
INV004560,8,48.38,107.0,81136,10142.0,at-risk
INV004562,5,83.8,158.0,21503,4300.6,at-risk
INV004563,6,64.83,211.0,30577,5096.17,at-risk
INV004574,7,54.57,116.0,57500,8214.29,at-risk
INV004576,5,63.0,132.0,18779,3755.8,at-risk
INV004579,7,43.86,77.0,25979,3711.29,at-risk
INV004581,7,72.14,234.0,19824,2832.0,at-risk
INV004589,5,71.4,225.0,59128,11825.6,at-risk
INV004594,7,59.14,122.0,81240,11605.71,at-risk
INV004598,5,84.2,195.0,54297,10859.4,at-risk
INV004602,8,59.62,242.0,76917,9614.62,at-risk
INV004607,7,56.0,214.0,33515,4787.86,at-risk
INV004608,7,55.0,96.0,54132,7733.14,at-risk
INV004611,6,51.17,217.0,137999,22999.83,at-risk
INV004614,5,79.6,117.0,61422,12284.4,at-risk
INV004617,8,39.25,83.0,106113,13264.12,at-risk
INV004621,8,54.25,203.0,99351,12418.88,at-risk
INV004625,5,96.4,246.0,76133,15226.6,at-risk
INV004629,7,64.57,175.0,135967,19423.86,at-risk
INV004630,8,50.62,95.0,84000,10500.0,at-risk
INV004631,7,64.71,109.0,68780,9825.71,at-risk
INV004633,6,78.17,189.0,66419,11069.83,at-risk
INV004635,6,58.67,142.0,83548,13924.67,at-risk
INV004636,5,75.6,160.0,124674,24934.8,at-risk
INV004638,6,54.33,110.0,54497,9082.83,at-risk
INV004640,6,68.33,202.0,41061,6843.5,at-risk
INV004641,5,67.8,105.0,61696,12339.2,at-risk
INV004642,5,54.8,232.0,77587,15517.4,at-risk
INV004643,5,50.6,101.0,73873,14774.6,at-risk
INV004646,6,64.5,158.0,25379,4229.83,at-risk
INV004647,6,70.67,138.0,30193,5032.17,at-risk
INV004650,5,80.8,143.0,12093,2418.6,at-risk
INV004661,7,69.71,181.0,71173,10167.57,at-risk
INV004665,5,83.4,137.0,17227,3445.4,at-risk
INV004672,6,72.0,127.0,40663,6777.17,at-risk
INV004680,6,47.17,155.0,22289,3714.83,at-risk
INV004682,8,42.25,105.0,188600,23575.0,at-risk
INV004688,5,77.6,181.0,23931,4786.2,at-risk
INV004692,5,83.6,190.0,66964,13392.8,at-risk
INV004701,6,20.0,82.0,37176,6196.0,regular
INV004704,5,93.8,141.0,85502,17100.4,at-risk
INV004712,7,48.57,84.0,97876,13982.29,at-risk
INV004715,6,56.83,169.0,86168,14361.33,at-risk
INV004716,6,74.0,197.0,54469,9078.17,at-risk
INV004737,9,54.56,120.0,90842,10093.56,at-risk
INV004738,5,93.2,148.0,46635,9327.0,at-risk
INV004741,6,72.33,157.0,74747,12457.83,at-risk
INV004753,5,61.4,87.0,41493,8298.6,at-risk
INV004755,6,61.17,181.0,38625,6437.5,at-risk
INV004761,5,71.4,139.0,39397,7879.4,at-risk
INV004763,6,83.5,184.0,38584,6430.67,at-risk
INV004764,5,83.0,144.0,9994,1998.8,at-risk
INV004770,7,72.86,146.0,125638,17948.29,at-risk
INV004776,8,57.38,145.0,72595,9074.38,at-risk
INV004780,6,69.5,154.0,63705,10617.5,at-risk
INV004785,6,66.17,248.0,52408,8734.67,at-risk
INV004787,6,72.33,140.0,55569,9261.5,at-risk
INV004798,6,53.67,106.0,57626,9604.33,at-risk
INV004804,5,79.2,137.0,96662,19332.4,at-risk
INV004805,6,44.67,92.0,84510,14085.0,at-risk
INV004807,7,36.86,86.0,20639,2948.43,at-risk
INV004813,5,62.0,253.0,77709,15541.8,at-risk
INV004819,6,62.0,120.0,14678,2446.33,at-risk
INV004825,6,70.0,141.0,35687,5947.83,at-risk
INV004833,5,65.4,171.0,45390,9078.0,at-risk
INV004834,8,38.62,106.0,126138,15767.25,at-risk
INV004840,6,41.0,103.0,21109,3518.17,at-risk
INV004843,7,50.86,153.0,72806,10400.86,at-risk
INV004844,6,66.67,118.0,24544,4090.67,at-risk
INV004845,5,81.8,197.0,36954,7390.8,at-risk
INV004847,6,73.5,281.0,49252,8208.67,at-risk
INV004848,8,54.12,166.0,115822,14477.75,at-risk
INV004860,5,78.4,189.0,40020,8004.0,at-risk
INV004863,6,68.0,220.0,33363,5560.5,at-risk
INV004864,7,43.29,114.0,60852,8693.14,at-risk
INV004865,6,76.33,143.0,80762,13460.33,at-risk
INV004868,7,56.0,226.0,71313,10187.57,at-risk
INV004871,7,69.14,170.0,104686,14955.14,at-risk
INV004877,6,80.5,276.0,70159,11693.17,at-risk
INV004889,6,70.67,159.0,64458,10743.0,at-risk
INV004891,7,55.86,128.0,121613,17373.29,at-risk
INV004896,5,79.4,252.0,111545,22309.0,at-risk
INV004901,5,54.6,96.0,147502,29500.4,at-risk
INV004911,6,63.67,97.0,38933,6488.83,at-risk
INV004913,5,87.0,156.0,68222,13644.4,at-risk
INV004916,6,75.5,162.0,82325,13720.83,at-risk
INV004917,6,51.0,77.0,90985,15164.17,at-risk
INV004924,8,59.75,116.0,165827,20728.38,at-risk
INV004925,6,70.83,105.0,48674,8112.33,at-risk
INV004926,7,66.29,133.0,85977,12282.43,at-risk
INV004927,6,34.17,63.0,93464,15577.33,regular
INV004947,5,45.0,75.0,24680,4936.0,at-risk
INV004953,6,67.17,138.0,41804,6967.33,at-risk
INV004956,7,59.14,155.0,47702,6814.57,at-risk
INV004958,6,73.17,135.0,132454,22075.67,at-risk
INV004959,5,68.6,193.0,31624,6324.8,at-risk
INV004967,5,63.2,112.0,34185,6837.0,at-risk
INV004973,8,55.0,99.0,85176,10647.0,at-risk
INV004974,7,52.43,102.0,58024,8289.14,at-risk
INV004978,6,63.83,157.0,86592,14432.0,at-risk
INV004981,7,49.14,115.0,45440,6491.43,at-risk
INV004983,6,57.67,128.0,146733,24455.5,at-risk
INV004984,6,75.33,177.0,92035,15339.17,at-risk
INV004986,6,81.33,185.0,57557,9592.83,at-risk
INV004992,6,81.5,176.0,70826,11804.33,at-risk
INV004996,9,46.33,104.0,35735,3970.56,at-risk
INV004997,6,71.0,248.0,98535,16422.5,at-risk
